,RMSE,MAE,R²,MAPE
Stacking Ensemble,1.4617302857946244,1.1773308690198945,-0.04830722942778509,113.3483667664609
Random Forest,2.07015534990984,1.4392739927481406,-1.1026159998920897,110.08040163731955
XGBoost,2.2573239301133396,1.768011053937917,-1.5000106657769572,169.6158118368831
GAM,4.190586627621094,3.379497745746135,-7.615961226794294,315.9546797313045
